[
{
  "model": "admin.logentry",
  "pk": 1,
  "fields": {
    "action_time": "2023-03-10T15:40:49.217Z",
    "user": 1,
    "content_type": 10,
    "object_id": "151",
    "object_repr": "Comment #1",
    "action_flag": 2,
    "change_message": "[{\"changed\": {\"fields\": [\"Is published\"]}}]"
  }
},
{
  "model": "admin.logentry",
  "pk": 2,
  "fields": {
    "action_time": "2023-03-10T15:44:35.812Z",
    "user": 1,
    "content_type": 10,
    "object_id": "152",
    "object_repr": "Anonim comment",
    "action_flag": 2,
    "change_message": "[{\"changed\": {\"fields\": [\"Is published\"]}}]"
  }
},
{
  "model": "admin.logentry",
  "pk": 3,
  "fields": {
    "action_time": "2023-03-10T15:50:28.811Z",
    "user": 1,
    "content_type": 10,
    "object_id": "153",
    "object_repr": "blabla#2",
    "action_flag": 2,
    "change_message": "[{\"changed\": {\"fields\": [\"Is published\"]}}]"
  }
},
{
  "model": "admin.logentry",
  "pk": 4,
  "fields": {
    "action_time": "2023-03-12T17:20:11.108Z",
    "user": 1,
    "content_type": 10,
    "object_id": "305",
    "object_repr": "Comment #1",
    "action_flag": 2,
    "change_message": "[{\"changed\": {\"fields\": [\"Is published\"]}}]"
  }
},
{
  "model": "admin.logentry",
  "pk": 5,
  "fields": {
    "action_time": "2023-03-12T17:23:17.305Z",
    "user": 1,
    "content_type": 11,
    "object_id": "101",
    "object_repr": "Street score race.",
    "action_flag": 3,
    "change_message": ""
  }
},
{
  "model": "auth.user",
  "pk": 1,
  "fields": {
    "password": "pbkdf2_sha256$390000$G0OxKpMYrrPEDZ5fcnlcX7$+Ik5MiNWWFpKtASc5yDSne4iK02MH8slGVU08M8vyXk=",
    "last_login": "2023-03-12T20:52:54.377Z",
    "is_superuser": true,
    "username": "admin",
    "first_name": "First",
    "last_name": "Last",
    "email": "admin@mail.com",
    "is_staff": true,
    "is_active": true,
    "date_joined": "2023-03-10T15:34:51.151Z",
    "groups": [],
    "user_permissions": []
  }
},
{
  "model": "auth.user",
  "pk": 12,
  "fields": {
    "password": "pbkdf2_sha256$390000$uWuQt6QVhoMGHXUIDVwnZ7$s12fjdV3+i8UIV0qGlK7Kxjh8VD4nCAejaeJL76R8Sc=",
    "last_login": null,
    "is_superuser": false,
    "username": "Alicia Ford",
    "first_name": "Jonathan",
    "last_name": "Eaton",
    "email": "marysmith@example.net",
    "is_staff": false,
    "is_active": true,
    "date_joined": "2023-03-12T17:08:28.270Z",
    "groups": [],
    "user_permissions": []
  }
},
{
  "model": "auth.user",
  "pk": 13,
  "fields": {
    "password": "pbkdf2_sha256$390000$5rZxa3EUST1FQNFZscR3Ww$j4Sx9rZHF0pYWxkHFmpIt9YeZIZ1OOCtpYuZ5owwjX0=",
    "last_login": null,
    "is_superuser": false,
    "username": "Tracey Ramirez",
    "first_name": "Leah",
    "last_name": "Gallagher",
    "email": "timothy08@example.net",
    "is_staff": false,
    "is_active": true,
    "date_joined": "2023-03-12T17:08:28.400Z",
    "groups": [],
    "user_permissions": []
  }
},
{
  "model": "auth.user",
  "pk": 14,
  "fields": {
    "password": "pbkdf2_sha256$390000$S2fwXWJzD9XqHZRIZ5Q2zm$EjlYnbtjCh+nU0uu2eFd9aS/XHqL6gSV4AbQFikQDjU=",
    "last_login": null,
    "is_superuser": false,
    "username": "Katherine Franco",
    "first_name": "Karen",
    "last_name": "Valenzuela",
    "email": "shelia49@example.net",
    "is_staff": false,
    "is_active": true,
    "date_joined": "2023-03-12T17:08:28.538Z",
    "groups": [],
    "user_permissions": []
  }
},
{
  "model": "auth.user",
  "pk": 15,
  "fields": {
    "password": "pbkdf2_sha256$390000$8UmL2UfvzZFTiXmxkqtJ2r$JIlyLAXyrbyd3PkWHbpqPXyqyHOvopcdi4hysRsc4c8=",
    "last_login": null,
    "is_superuser": false,
    "username": "Brenda Porter",
    "first_name": "Benjamin",
    "last_name": "Cunningham",
    "email": "valerie62@example.com",
    "is_staff": false,
    "is_active": true,
    "date_joined": "2023-03-12T17:08:28.673Z",
    "groups": [],
    "user_permissions": []
  }
},
{
  "model": "auth.user",
  "pk": 16,
  "fields": {
    "password": "pbkdf2_sha256$390000$3hPTQlLj5B6GLUlkxsqTft$1+B3PkfzkF14Uyps73rg+AWmF4vmcOn6EAnDgCuDcJE=",
    "last_login": "2023-03-12T17:26:23.947Z",
    "is_superuser": false,
    "username": "Brandy Day",
    "first_name": "Michael",
    "last_name": "Mccarthy",
    "email": "drogers@example.org",
    "is_staff": false,
    "is_active": true,
    "date_joined": "2023-03-12T17:08:28.811Z",
    "groups": [],
    "user_permissions": []
  }
},
{
  "model": "auth.user",
  "pk": 17,
  "fields": {
    "password": "pbkdf2_sha256$390000$hRhvxPSlqGlrBmZTepakgO$WJX0XERSyP/mPraDDona+FFR2zce4bdg1lvrEnp0EsA=",
    "last_login": null,
    "is_superuser": false,
    "username": "Kyle Boyd",
    "first_name": "Kevin",
    "last_name": "Williams",
    "email": "stephaniecampos@example.net",
    "is_staff": false,
    "is_active": true,
    "date_joined": "2023-03-12T17:08:28.945Z",
    "groups": [],
    "user_permissions": []
  }
},
{
  "model": "auth.user",
  "pk": 18,
  "fields": {
    "password": "pbkdf2_sha256$390000$P1spXJXL1atZozOtsJbJtH$xjp4MD3Mrr7DBbqpUOOOUF3Vs8M1sPUoIKonSr0vfAo=",
    "last_login": null,
    "is_superuser": false,
    "username": "Brian Boyd",
    "first_name": "Jason",
    "last_name": "Hodge",
    "email": "ashley91@example.net",
    "is_staff": false,
    "is_active": true,
    "date_joined": "2023-03-12T17:08:29.081Z",
    "groups": [],
    "user_permissions": []
  }
},
{
  "model": "auth.user",
  "pk": 19,
  "fields": {
    "password": "pbkdf2_sha256$390000$QGt3caQWohrhzrYvfCZhUt$X0+NJxrA9gr/NokGTr6xQir64Y0m9lr9Kd7dDX6OKLc=",
    "last_login": null,
    "is_superuser": false,
    "username": "Kyle Santiago",
    "first_name": "Marie",
    "last_name": "Davis",
    "email": "lwalton@example.org",
    "is_staff": false,
    "is_active": true,
    "date_joined": "2023-03-12T17:08:29.216Z",
    "groups": [],
    "user_permissions": []
  }
},
{
  "model": "auth.user",
  "pk": 20,
  "fields": {
    "password": "pbkdf2_sha256$390000$a05kwoUJJVvZoAyH5LjFrX$JYGxlJDe0hZGOM+tt1v7q3xkaqvQSB0xVIp1ow/Kqc8=",
    "last_login": null,
    "is_superuser": false,
    "username": "Stephen Lopez",
    "first_name": "Henry",
    "last_name": "Ayers",
    "email": "brianchavez@example.org",
    "is_staff": false,
    "is_active": true,
    "date_joined": "2023-03-12T17:08:29.354Z",
    "groups": [],
    "user_permissions": []
  }
},
{
  "model": "auth.user",
  "pk": 21,
  "fields": {
    "password": "pbkdf2_sha256$390000$gGt1FcgxD824vg1SAZbFiu$KqJyPA5IceUw2dUmIEPDNgsaI7gUCtCcK5MJgmDWAAc=",
    "last_login": null,
    "is_superuser": false,
    "username": "Zachary Reynolds",
    "first_name": "Luis",
    "last_name": "Spencer",
    "email": "ashleybernard@example.org",
    "is_staff": false,
    "is_active": true,
    "date_joined": "2023-03-12T17:08:29.487Z",
    "groups": [],
    "user_permissions": []
  }
},
{
  "model": "auth.user",
  "pk": 22,
  "fields": {
    "password": "pbkdf2_sha256$390000$E8S11FE5XAERr36dUMtxLQ$j1bm8S+Nm+n9nWunEEhOl0jCHTdUczkj/gXurPMlCpA=",
    "last_login": "2023-03-12T17:34:17.757Z",
    "is_superuser": false,
    "username": "AVS",
    "first_name": "Vitaliy",
    "last_name": "Alita",
    "email": "alita@mail.com",
    "is_staff": false,
    "is_active": true,
    "date_joined": "2023-03-12T17:34:17.480Z",
    "groups": [],
    "user_permissions": []
  }
},
{
  "model": "sessions.session",
  "pk": "a094v5cxs9jfs2n595xeqomz6g44zwzv",
  "fields": {
    "session_data": ".eJxVjE0OwiAYBe_C2hDAQMGle89Avj-kamhS2pXx7rZJF7qdmffeKsO61Lx2mfPI6qKsOv0yBHpK2wU_oN0nTVNb5hH1nujDdn2bWF7Xo_07qNDrtpaChtwAkSylYsB7imidjxwhBMcb86XQQOiFJKBPiWMgQ8kUG86kPl8KpDjQ:1pbSgY:C-7BjPLeeJg_h6H0ajcHYP-QxHm9m1rB4jol5_3voRo",
    "expire_date": "2023-03-26T20:52:54.396Z"
  }
},
{
  "model": "sessions.session",
  "pk": "goq135b9pt798phj0rm39t7e8i5knj53",
  "fields": {
    "session_data": ".eJxVjE0OwiAYBe_C2hDAQMGle89Avj-kamhS2pXx7rZJF7qdmffeKsO61Lx2mfPI6qKsOv0yBHpK2wU_oN0nTVNb5hH1nujDdn2bWF7Xo_07qNDrtpaChtwAkSylYsB7imidjxwhBMcb86XQQOiFJKBPiWMgQ8kUG86kPl8KpDjQ:1paf0Y:k2dCKaUEPF36q9fM_HxqjSQeJSCXGsS7z-2EuWdxQPY",
    "expire_date": "2023-03-24T15:50:14.108Z"
  }
},
{
  "model": "sessions.session",
  "pk": "r4tr99ednnqmmzaslmrolx3etlycij4b",
  "fields": {
    "session_data": ".eJxVjE0OwiAYBe_C2hDAQMGle89Avj-kamhS2pXx7rZJF7qdmffeKsO61Lx2mfPI6qKsOv0yBHpK2wU_oN0nTVNb5hH1nujDdn2bWF7Xo_07qNDrtpaChtwAkSylYsB7imidjxwhBMcb86XQQOiFJKBPiWMgQ8kUG86kPl8KpDjQ:1pal1l:0lHBWF6mxOI31zaq7YOQfBYECvBCAm3Dbe90DdjcWII",
    "expire_date": "2023-03-24T22:15:53.743Z"
  }
},
{
  "model": "django_celery_results.taskresult",
  "pk": 1,
  "fields": {
    "task_id": "5bf9d6ba-9aaa-4061-a459-048c745ee4fa",
    "periodic_task_name": null,
    "task_name": null,
    "task_args": null,
    "task_kwargs": null,
    "status": "SUCCESS",
    "worker": null,
    "content_type": "application/json",
    "content_encoding": "utf-8",
    "result": "null",
    "date_created": "2023-03-10T15:38:31.362Z",
    "date_done": "2023-03-10T15:38:31.372Z",
    "traceback": null,
    "meta": "{\"children\": []}"
  }
},
{
  "model": "django_celery_results.taskresult",
  "pk": 2,
  "fields": {
    "task_id": "1111e87b-9f9e-4747-bc3f-6835856dd1b2",
    "periodic_task_name": null,
    "task_name": null,
    "task_args": null,
    "task_kwargs": null,
    "status": "SUCCESS",
    "worker": null,
    "content_type": "application/json",
    "content_encoding": "utf-8",
    "result": "null",
    "date_created": "2023-03-10T15:38:31.372Z",
    "date_done": "2023-03-10T15:38:31.388Z",
    "traceback": null,
    "meta": "{\"children\": []}"
  }
},
{
  "model": "django_celery_results.taskresult",
  "pk": 3,
  "fields": {
    "task_id": "83a63a76-593a-48e8-a553-0ee4300dd947",
    "periodic_task_name": null,
    "task_name": null,
    "task_args": null,
    "task_kwargs": null,
    "status": "SUCCESS",
    "worker": null,
    "content_type": "application/json",
    "content_encoding": "utf-8",
    "result": "null",
    "date_created": "2023-03-10T15:38:31.372Z",
    "date_done": "2023-03-10T15:38:31.395Z",
    "traceback": null,
    "meta": "{\"children\": []}"
  }
},
{
  "model": "django_celery_results.taskresult",
  "pk": 4,
  "fields": {
    "task_id": "e6587cad-68df-40e0-80ed-a39e224b4a36",
    "periodic_task_name": null,
    "task_name": null,
    "task_args": null,
    "task_kwargs": null,
    "status": "SUCCESS",
    "worker": null,
    "content_type": "application/json",
    "content_encoding": "utf-8",
    "result": "null",
    "date_created": "2023-03-10T15:44:09.771Z",
    "date_done": "2023-03-10T15:44:09.778Z",
    "traceback": null,
    "meta": "{\"children\": []}"
  }
},
{
  "model": "django_celery_results.taskresult",
  "pk": 5,
  "fields": {
    "task_id": "0f4c5306-420e-412d-8261-ceaf5e4ca58d",
    "periodic_task_name": null,
    "task_name": null,
    "task_args": null,
    "task_kwargs": null,
    "status": "SUCCESS",
    "worker": null,
    "content_type": "application/json",
    "content_encoding": "utf-8",
    "result": "null",
    "date_created": "2023-03-10T15:44:09.784Z",
    "date_done": "2023-03-10T15:44:09.792Z",
    "traceback": null,
    "meta": "{\"children\": []}"
  }
},
{
  "model": "django_celery_results.taskresult",
  "pk": 6,
  "fields": {
    "task_id": "e9cd100f-9a11-4492-aa17-1904062cba6c",
    "periodic_task_name": null,
    "task_name": null,
    "task_args": null,
    "task_kwargs": null,
    "status": "SUCCESS",
    "worker": null,
    "content_type": "application/json",
    "content_encoding": "utf-8",
    "result": "null",
    "date_created": "2023-03-10T15:49:29.457Z",
    "date_done": "2023-03-10T15:49:29.473Z",
    "traceback": null,
    "meta": "{\"children\": []}"
  }
},
{
  "model": "django_celery_results.taskresult",
  "pk": 7,
  "fields": {
    "task_id": "057c8b78-baa1-464f-86ef-4193ea07ad92",
    "periodic_task_name": null,
    "task_name": null,
    "task_args": null,
    "task_kwargs": null,
    "status": "SUCCESS",
    "worker": null,
    "content_type": "application/json",
    "content_encoding": "utf-8",
    "result": "null",
    "date_created": "2023-03-10T15:49:29.458Z",
    "date_done": "2023-03-10T15:49:29.483Z",
    "traceback": null,
    "meta": "{\"children\": []}"
  }
},
{
  "model": "django_celery_results.taskresult",
  "pk": 8,
  "fields": {
    "task_id": "dfced1c9-493b-45ed-9b29-01f548776d1c",
    "periodic_task_name": null,
    "task_name": null,
    "task_args": null,
    "task_kwargs": null,
    "status": "SUCCESS",
    "worker": null,
    "content_type": "application/json",
    "content_encoding": "utf-8",
    "result": "null",
    "date_created": "2023-03-10T16:00:23.380Z",
    "date_done": "2023-03-10T16:00:23.390Z",
    "traceback": null,
    "meta": "{\"children\": []}"
  }
},
{
  "model": "django_celery_results.taskresult",
  "pk": 9,
  "fields": {
    "task_id": "8b3f009f-ccde-4f89-bf3d-6cbff9e38e01",
    "periodic_task_name": null,
    "task_name": null,
    "task_args": null,
    "task_kwargs": null,
    "status": "SUCCESS",
    "worker": null,
    "content_type": "application/json",
    "content_encoding": "utf-8",
    "result": "null",
    "date_created": "2023-03-12T15:02:04.719Z",
    "date_done": "2023-03-12T15:02:04.737Z",
    "traceback": null,
    "meta": "{\"children\": []}"
  }
},
{
  "model": "django_celery_results.taskresult",
  "pk": 10,
  "fields": {
    "task_id": "72d771db-1315-4bac-9a57-0879bd83b82d",
    "periodic_task_name": null,
    "task_name": null,
    "task_args": null,
    "task_kwargs": null,
    "status": "SUCCESS",
    "worker": null,
    "content_type": "application/json",
    "content_encoding": "utf-8",
    "result": "null",
    "date_created": "2023-03-12T15:02:04.719Z",
    "date_done": "2023-03-12T15:02:04.745Z",
    "traceback": null,
    "meta": "{\"children\": []}"
  }
},
{
  "model": "django_celery_results.taskresult",
  "pk": 11,
  "fields": {
    "task_id": "5c64aaba-6d67-4651-b2ee-13849e1278fe",
    "periodic_task_name": null,
    "task_name": null,
    "task_args": null,
    "task_kwargs": null,
    "status": "SUCCESS",
    "worker": null,
    "content_type": "application/json",
    "content_encoding": "utf-8",
    "result": "null",
    "date_created": "2023-03-12T15:02:04.719Z",
    "date_done": "2023-03-12T15:02:04.765Z",
    "traceback": null,
    "meta": "{\"children\": []}"
  }
},
{
  "model": "django_celery_results.taskresult",
  "pk": 12,
  "fields": {
    "task_id": "125168f3-9503-4ff3-9775-7112e39e66b2",
    "periodic_task_name": null,
    "task_name": null,
    "task_args": null,
    "task_kwargs": null,
    "status": "SUCCESS",
    "worker": null,
    "content_type": "application/json",
    "content_encoding": "utf-8",
    "result": "null",
    "date_created": "2023-03-12T15:08:22.794Z",
    "date_done": "2023-03-12T15:08:22.801Z",
    "traceback": null,
    "meta": "{\"children\": []}"
  }
},
{
  "model": "django_celery_results.taskresult",
  "pk": 13,
  "fields": {
    "task_id": "b361898b-932a-4fda-a1e2-15be14857b5b",
    "periodic_task_name": null,
    "task_name": null,
    "task_args": null,
    "task_kwargs": null,
    "status": "SUCCESS",
    "worker": null,
    "content_type": "application/json",
    "content_encoding": "utf-8",
    "result": "null",
    "date_created": "2023-03-12T17:17:38.287Z",
    "date_done": "2023-03-12T17:17:38.294Z",
    "traceback": null,
    "meta": "{\"children\": []}"
  }
},
{
  "model": "django_celery_results.taskresult",
  "pk": 14,
  "fields": {
    "task_id": "672da675-4640-4e30-a682-3aa2f11c94ec",
    "periodic_task_name": null,
    "task_name": null,
    "task_args": null,
    "task_kwargs": null,
    "status": "SUCCESS",
    "worker": null,
    "content_type": "application/json",
    "content_encoding": "utf-8",
    "result": "null",
    "date_created": "2023-03-12T17:18:23.798Z",
    "date_done": "2023-03-12T17:18:23.807Z",
    "traceback": null,
    "meta": "{\"children\": []}"
  }
},
{
  "model": "django_celery_results.taskresult",
  "pk": 15,
  "fields": {
    "task_id": "8ad478fd-bd0d-47f5-9645-b26f238a1674",
    "periodic_task_name": null,
    "task_name": null,
    "task_args": null,
    "task_kwargs": null,
    "status": "SUCCESS",
    "worker": null,
    "content_type": "application/json",
    "content_encoding": "utf-8",
    "result": "null",
    "date_created": "2023-03-12T17:18:23.820Z",
    "date_done": "2023-03-12T17:18:23.827Z",
    "traceback": null,
    "meta": "{\"children\": []}"
  }
},
{
  "model": "django_celery_results.taskresult",
  "pk": 16,
  "fields": {
    "task_id": "9a964a36-77fa-443a-a358-e5e7a1f87e41",
    "periodic_task_name": null,
    "task_name": null,
    "task_args": null,
    "task_kwargs": null,
    "status": "SUCCESS",
    "worker": null,
    "content_type": "application/json",
    "content_encoding": "utf-8",
    "result": "null",
    "date_created": "2023-03-12T17:21:29.530Z",
    "date_done": "2023-03-12T17:21:29.539Z",
    "traceback": null,
    "meta": "{\"children\": []}"
  }
},
{
  "model": "django_celery_results.taskresult",
  "pk": 17,
  "fields": {
    "task_id": "8417c688-8741-495b-88d4-ef9617c541bd",
    "periodic_task_name": null,
    "task_name": null,
    "task_args": null,
    "task_kwargs": null,
    "status": "SUCCESS",
    "worker": null,
    "content_type": "application/json",
    "content_encoding": "utf-8",
    "result": "null",
    "date_created": "2023-03-12T17:34:42.276Z",
    "date_done": "2023-03-12T17:34:42.284Z",
    "traceback": null,
    "meta": "{\"children\": []}"
  }
},
{
  "model": "blog.blog",
  "pk": 53,
  "fields": {
    "title": "Newspaper young Mr.",
    "text": "Effect wonder home seat growth. High against cultural pattern feeling everything similar. Free seat actually program lose. Them method pretty entire. Share sense yourself now occur.",
    "author": 12,
    "post_date": "1970-04-14",
    "is_posted": false
  }
},
{
  "model": "blog.blog",
  "pk": 54,
  "fields": {
    "title": "Anyone society side.",
    "text": "Involve stock add scene crime pattern computer more. Guy price American rich wall debate wife. Method standard hand.",
    "author": 12,
    "post_date": "1981-12-25",
    "is_posted": false
  }
},
{
  "model": "blog.blog",
  "pk": 55,
  "fields": {
    "title": "Right argue base.",
    "text": "Discuss into door cup same control. Direction bill college commercial rise fish successful. Budget kitchen seven process then TV check. Tree up dark tell consider know much Mrs. Right seek job focus all onto.",
    "author": 12,
    "post_date": "1982-10-31",
    "is_posted": false
  }
},
{
  "model": "blog.blog",
  "pk": 56,
  "fields": {
    "title": "Choice address.",
    "text": "Once investment system daughter party more season owner. Mrs new study three everything head. Son down investment back their. Record after believe term Democrat huge federal who. Building human capital follow responsibility audience.",
    "author": 12,
    "post_date": "1989-11-05",
    "is_posted": false
  }
},
{
  "model": "blog.blog",
  "pk": 57,
  "fields": {
    "title": "Study more board.",
    "text": "Glass couple consumer a. Think south against. Course there position expert.",
    "author": 12,
    "post_date": "2013-02-06",
    "is_posted": true
  }
},
{
  "model": "blog.blog",
  "pk": 58,
  "fields": {
    "title": "Turn enter away.",
    "text": "Mother spring condition exactly establish close. Girl television result mouth option explain myself choose. Evening century smile.",
    "author": 13,
    "post_date": "1971-03-05",
    "is_posted": true
  }
},
{
  "model": "blog.blog",
  "pk": 59,
  "fields": {
    "title": "Free growth beat.",
    "text": "Especially range across of senior. Item strong party suggest loss. Ground meet camera dog than have.",
    "author": 13,
    "post_date": "1978-08-16",
    "is_posted": false
  }
},
{
  "model": "blog.blog",
  "pk": 60,
  "fields": {
    "title": "Or us wind or huge.",
    "text": "Become particular much can window own. Teach reveal computer table father. Source region reflect deep sell stay concern. Against consumer page week guy. On act international win statement. Exist after message hard.",
    "author": 13,
    "post_date": "1978-11-28",
    "is_posted": true
  }
},
{
  "model": "blog.blog",
  "pk": 61,
  "fields": {
    "title": "Significant bar.",
    "text": "Agent much tax physical who poor. Sometimes young by reflect account second Mr. Open be those machine dinner cover part. Rule participant program west one president. This remain region laugh environmental interesting officer. Director cultural specific within whatever activity decide.",
    "author": 13,
    "post_date": "1988-11-28",
    "is_posted": true
  }
},
{
  "model": "blog.blog",
  "pk": 62,
  "fields": {
    "title": "Never common black.",
    "text": "Language purpose war usually responsibility full. Cause break skin. Window building reduce author argue sing.",
    "author": 13,
    "post_date": "1992-06-28",
    "is_posted": true
  }
},
{
  "model": "blog.blog",
  "pk": 63,
  "fields": {
    "title": "Simple south accept.",
    "text": "Shoulder never each exist away husband. See measure speak night. Campaign building many behavior glass. Which participant fill finish few although. Sometimes least poor despite watch certainly. Trade participant thing direction.",
    "author": 14,
    "post_date": "1975-02-28",
    "is_posted": true
  }
},
{
  "model": "blog.blog",
  "pk": 64,
  "fields": {
    "title": "Sea source blue.",
    "text": "Technology alone early relate. Senior technology forward north think shake from. Environmental sea never soon say near.",
    "author": 14,
    "post_date": "1982-02-24",
    "is_posted": true
  }
},
{
  "model": "blog.blog",
  "pk": 65,
  "fields": {
    "title": "Anything leave.",
    "text": "Speak bar eat few security. Such morning organization agent sell imagine. My recently environmental. Pm risk size. Play Mrs hour away general. Democrat yard fast white.",
    "author": 14,
    "post_date": "1984-02-26",
    "is_posted": false
  }
},
{
  "model": "blog.blog",
  "pk": 66,
  "fields": {
    "title": "Above music window.",
    "text": "Tv station whether. Hundred Mr ten network whom single thing door. True site management he start. Base feel year.",
    "author": 14,
    "post_date": "1993-02-22",
    "is_posted": true
  }
},
{
  "model": "blog.blog",
  "pk": 67,
  "fields": {
    "title": "Would opportunity.",
    "text": "Level suggest foot Democrat. Eat whether imagine network part. South bag enjoy energy. Direction hospital anyone somebody key since material. Rise beyond place too traditional close share attention.",
    "author": 14,
    "post_date": "2020-05-15",
    "is_posted": false
  }
},
{
  "model": "blog.blog",
  "pk": 68,
  "fields": {
    "title": "Necessary amount.",
    "text": "Attorney majority four red during above. Between across under realize. Treatment result next cold company technology. Federal by newspaper win. If machine trip knowledge nothing rise. Attention easy city old probably return player. Factor citizen investment capital baby social.",
    "author": 15,
    "post_date": "1986-09-08",
    "is_posted": false
  }
},
{
  "model": "blog.blog",
  "pk": 69,
  "fields": {
    "title": "Report tonight ago.",
    "text": "Thing structure put difference. Policy perform begin class door number. Entire miss consumer newspaper four arrive language appear. Control whom letter customer change lose camera. Himself deep end represent analysis.",
    "author": 15,
    "post_date": "1995-05-16",
    "is_posted": true
  }
},
{
  "model": "blog.blog",
  "pk": 70,
  "fields": {
    "title": "Degree.",
    "text": "Range Mrs second experience can accept catch. With expect we him. Field find perhaps listen watch no. Past want market with our.",
    "author": 15,
    "post_date": "2010-09-23",
    "is_posted": true
  }
},
{
  "model": "blog.blog",
  "pk": 71,
  "fields": {
    "title": "Tend down bit.",
    "text": "Fill country news force together owner adult. Able letter chance suddenly throw. National week understand.",
    "author": 15,
    "post_date": "2012-05-13",
    "is_posted": false
  }
},
{
  "model": "blog.blog",
  "pk": 72,
  "fields": {
    "title": "Light fire trouble.",
    "text": "Somebody great quite series. Rock grow job act than. Only care we. Movement for election Congress treat. Oil mind choice own. Ago service career parent social student.",
    "author": 15,
    "post_date": "2019-09-28",
    "is_posted": false
  }
},
{
  "model": "blog.blog",
  "pk": 73,
  "fields": {
    "title": "Five seem game.",
    "text": "Expert send exactly suggest well shake budget too. House power institution nearly study try. Behavior good ready his check it season. Only effort a but game.",
    "author": 16,
    "post_date": "1993-04-23",
    "is_posted": true
  }
},
{
  "model": "blog.blog",
  "pk": 74,
  "fields": {
    "title": "Leader third top.",
    "text": "Treatment speech use. Grow try support. Military describe bar wide candidate which. Military threat produce free. Minute street strategy benefit purpose school girl.",
    "author": 16,
    "post_date": "1996-09-14",
    "is_posted": false
  }
},
{
  "model": "blog.blog",
  "pk": 75,
  "fields": {
    "title": "President board.",
    "text": "Test throughout ever inside. Eye of me. Material ever hotel teacher head cause ten. Own hundred accept my test site money. Same truth street.",
    "author": 16,
    "post_date": "2000-01-13",
    "is_posted": true
  }
},
{
  "model": "blog.blog",
  "pk": 76,
  "fields": {
    "title": "The least write.",
    "text": "Identify never bar reflect be notice nation. Alone action discover final. Film note out adult all recognize. Most dinner kid drive plan better. Manage network national high century might measure.",
    "author": 16,
    "post_date": "2001-01-23",
    "is_posted": false
  }
},
{
  "model": "blog.blog",
  "pk": 77,
  "fields": {
    "title": "Record including.",
    "text": "Hour bring night early. Again above send society. Indicate rule product everyone. Act perhaps those if they budget relate product. Lot think arm office management make. Best any seat but.",
    "author": 16,
    "post_date": "2004-01-06",
    "is_posted": false
  }
},
{
  "model": "blog.blog",
  "pk": 78,
  "fields": {
    "title": "Everyone dark fight.",
    "text": "Brother positive doctor treat resource nearly responsibility. Stuff voice property employee eight. Usually enough name. Story try list end fish.",
    "author": 17,
    "post_date": "1983-01-27",
    "is_posted": false
  }
},
{
  "model": "blog.blog",
  "pk": 79,
  "fields": {
    "title": "Record century.",
    "text": "Government trade court nothing walk prevent particular. Magazine recent organization every matter keep. Like air this current learn station. Minute position town human well.",
    "author": 17,
    "post_date": "1987-05-25",
    "is_posted": true
  }
},
{
  "model": "blog.blog",
  "pk": 80,
  "fields": {
    "title": "Soon anyone space.",
    "text": "Agency purpose opportunity particular knowledge. Yet lay art take kid. Likely argue member play debate box area. Instead conference support. Left local need morning right us. Vote step among billion.",
    "author": 17,
    "post_date": "1994-06-22",
    "is_posted": true
  }
},
{
  "model": "blog.blog",
  "pk": 81,
  "fields": {
    "title": "Strong manager.",
    "text": "Along question we program unit ready base. Area important blue front. Whatever open receive task land indeed. The growth religious term. Offer even western public.",
    "author": 17,
    "post_date": "2011-07-27",
    "is_posted": true
  }
},
{
  "model": "blog.blog",
  "pk": 82,
  "fields": {
    "title": "Car camera attorney.",
    "text": "Southern back activity. Blue win peace avoid. Southern pressure method fall. Decade natural window attack religious happen hand. About all order series be brother. Itself office south sense trouble.",
    "author": 17,
    "post_date": "2020-08-05",
    "is_posted": true
  }
},
{
  "model": "blog.blog",
  "pk": 83,
  "fields": {
    "title": "Seem for lay box.",
    "text": "Foot language president situation cup already. Believe night generation much leave field. Or build right book blood. Cultural mention hit animal want put.",
    "author": 18,
    "post_date": "1972-01-24",
    "is_posted": false
  }
},
{
  "model": "blog.blog",
  "pk": 84,
  "fields": {
    "title": "Effect early.",
    "text": "Late program score forget involve develop. Offer yet system positive none since situation. National something middle team everyone finally sing indeed. Real should already from.",
    "author": 18,
    "post_date": "1972-04-01",
    "is_posted": false
  }
},
{
  "model": "blog.blog",
  "pk": 85,
  "fields": {
    "title": "That unit actually.",
    "text": "Treat art statement ok hope. Customer half blood world our. White interview start smile all shoulder detail. Discuss situation however soon impact system. Yeah form leader ever use rate hair. Movement attack morning pressure on law.",
    "author": 18,
    "post_date": "1974-04-01",
    "is_posted": true
  }
},
{
  "model": "blog.blog",
  "pk": 86,
  "fields": {
    "title": "Hotel discussion.",
    "text": "Measure wind administration big I. Modern consumer military themselves tax reflect. Education set than action nice decide newspaper.",
    "author": 18,
    "post_date": "1989-05-28",
    "is_posted": false
  }
},
{
  "model": "blog.blog",
  "pk": 87,
  "fields": {
    "title": "Condition why stock.",
    "text": "Past almost whose response myself. Mean picture both protect game above. Big what probably important most usually. About interest summer every. Act case hot there sea opportunity.",
    "author": 18,
    "post_date": "2005-01-20",
    "is_posted": false
  }
},
{
  "model": "blog.blog",
  "pk": 88,
  "fields": {
    "title": "Yes art hit school.",
    "text": "Of wife himself establish peace against. Blood about save life one. Alone would open unit environmental. Drop who their still perhaps yes.",
    "author": 19,
    "post_date": "1972-07-09",
    "is_posted": false
  }
},
{
  "model": "blog.blog",
  "pk": 89,
  "fields": {
    "title": "Laugh model people.",
    "text": "Space mouth fund financial support big thought. Image poor deal point build. Laugh action shake discussion fund. Career forget be three thing. Reduce front happen interest beautiful that necessary. Task bar in word just fill miss nature.",
    "author": 19,
    "post_date": "2004-02-22",
    "is_posted": true
  }
},
{
  "model": "blog.blog",
  "pk": 90,
  "fields": {
    "title": "Agreement social.",
    "text": "Space general third house sound former share marriage. Own fire visit federal interview either on. Major camera worker include address report huge.",
    "author": 19,
    "post_date": "2004-12-05",
    "is_posted": false
  }
},
{
  "model": "blog.blog",
  "pk": 91,
  "fields": {
    "title": "Tax appear great.",
    "text": "Process course raise second type leg conference. Physical financial win sound popular president. Green discuss should bag. Close much man imagine discover campaign crime. Above recently sense great. Black data behind pay season good assume.",
    "author": 19,
    "post_date": "2015-01-01",
    "is_posted": false
  }
},
{
  "model": "blog.blog",
  "pk": 92,
  "fields": {
    "title": "When whether.",
    "text": "Drop either pay actually traditional few. Too role see determine. Claim public church build. A mission card design perform heart others. Challenge record difficult idea participant respond.",
    "author": 19,
    "post_date": "2019-07-31",
    "is_posted": true
  }
},
{
  "model": "blog.blog",
  "pk": 93,
  "fields": {
    "title": "Keep true itself.",
    "text": "Culture food hot. Easy suffer even might. Before star recently region. Test view just together open rate son. Another spend physical hand together guess.",
    "author": 20,
    "post_date": "1991-12-10",
    "is_posted": false
  }
},
{
  "model": "blog.blog",
  "pk": 94,
  "fields": {
    "title": "Data risk skill.",
    "text": "Any fill yeah there source election foreign. Thousand quickly old personal suggest property special. Focus happy your which. Vote consider establish each. Final must health certain everyone effect. Be meeting offer race color finally first.",
    "author": 20,
    "post_date": "1993-03-19",
    "is_posted": false
  }
},
{
  "model": "blog.blog",
  "pk": 95,
  "fields": {
    "title": "Stage address floor.",
    "text": "Daughter perform field top he. Over when anyone mention two. Both wait hope official. Thing growth off whose kid low ask dog.",
    "author": 20,
    "post_date": "2005-03-27",
    "is_posted": true
  }
},
{
  "model": "blog.blog",
  "pk": 96,
  "fields": {
    "title": "Whether poor hand.",
    "text": "Expect home structure maybe. Travel Congress doctor college often read forget. Animal low food sing.",
    "author": 20,
    "post_date": "2011-06-19",
    "is_posted": true
  }
},
{
  "model": "blog.blog",
  "pk": 97,
  "fields": {
    "title": "Nature against.",
    "text": "Star then collection top more. Certain purpose ask statement north growth reveal. Woman maybe page. Understand run yeah government. Modern contain news avoid woman admit if.",
    "author": 20,
    "post_date": "2015-12-17",
    "is_posted": true
  }
},
{
  "model": "blog.blog",
  "pk": 98,
  "fields": {
    "title": "Tonight white.",
    "text": "Financial reach none take state. Work whose argue everyone. Speech factor stage thousand great. Them cup compare arrive analysis hit probably his.",
    "author": 21,
    "post_date": "1973-12-13",
    "is_posted": true
  }
},
{
  "model": "blog.blog",
  "pk": 99,
  "fields": {
    "title": "Firm while learn.",
    "text": "Bill north blue call. Find indicate goal concern they let outside. Police the window focus put society reach. Line after agreement out business. Floor hundred provide indicate so rest.",
    "author": 21,
    "post_date": "1974-10-24",
    "is_posted": false
  }
},
{
  "model": "blog.blog",
  "pk": 100,
  "fields": {
    "title": "Court medical.",
    "text": "On turn would against. Present enter without drop. Music group Mr policy soldier more.",
    "author": 21,
    "post_date": "1976-06-08",
    "is_posted": true
  }
},
{
  "model": "blog.blog",
  "pk": 102,
  "fields": {
    "title": "World school.",
    "text": "Check wrong civil moment. Rich bank computer available manager need good. Second than everybody religious arm. Day half class baby quickly draw particular now. Popular race finally these since woman of. Investment street nice be.",
    "author": 21,
    "post_date": "2018-03-03",
    "is_posted": false
  }
},
{
  "model": "blog.blog",
  "pk": 103,
  "fields": {
    "title": "New blog",
    "text": "Text Text Text Text Text Text Text Text Text Text Text Text Text Text Text Text Text Text Text Text Text Text Text Text Text Text Text Text Text Text Text Text Text Text Text Text Text Text Text Text Text Text Text Text Text Text Text Text Text Text Text Text Text Text Text Text Text Text Text Text Text",
    "author": 1,
    "post_date": "2023-03-14",
    "is_posted": true
  }
},
{
  "model": "blog.blog",
  "pk": 104,
  "fields": {
    "title": "Title",
    "text": "Text",
    "author": 22,
    "post_date": "2023-03-12",
    "is_posted": true
  }
},
{
  "model": "blog.comment",
  "pk": 155,
  "fields": {
    "blog": 53,
    "author": 12,
    "text": "Radio believe thing I.",
    "is_published": true
  }
},
{
  "model": "blog.comment",
  "pk": 156,
  "fields": {
    "blog": 53,
    "author": 12,
    "text": "Yeah information learn child effort seek.",
    "is_published": false
  }
},
{
  "model": "blog.comment",
  "pk": 157,
  "fields": {
    "blog": 53,
    "author": 12,
    "text": "Price whom student than hour assume second authority.",
    "is_published": true
  }
},
{
  "model": "blog.comment",
  "pk": 158,
  "fields": {
    "blog": 54,
    "author": 12,
    "text": "Power character could other run.",
    "is_published": false
  }
},
{
  "model": "blog.comment",
  "pk": 159,
  "fields": {
    "blog": 54,
    "author": 12,
    "text": "Example along pull.",
    "is_published": false
  }
},
{
  "model": "blog.comment",
  "pk": 160,
  "fields": {
    "blog": 54,
    "author": 12,
    "text": "Church community let energy tonight baby own.",
    "is_published": true
  }
},
{
  "model": "blog.comment",
  "pk": 161,
  "fields": {
    "blog": 55,
    "author": 12,
    "text": "Ready certainly better must general.",
    "is_published": true
  }
},
{
  "model": "blog.comment",
  "pk": 162,
  "fields": {
    "blog": 55,
    "author": 12,
    "text": "Community mission character great.",
    "is_published": false
  }
},
{
  "model": "blog.comment",
  "pk": 163,
  "fields": {
    "blog": 55,
    "author": 12,
    "text": "Response music drug peace.",
    "is_published": true
  }
},
{
  "model": "blog.comment",
  "pk": 164,
  "fields": {
    "blog": 56,
    "author": 12,
    "text": "Room action far so bed respond fine.",
    "is_published": true
  }
},
{
  "model": "blog.comment",
  "pk": 165,
  "fields": {
    "blog": 56,
    "author": 12,
    "text": "Study movie sell necessary what general establish.",
    "is_published": true
  }
},
{
  "model": "blog.comment",
  "pk": 166,
  "fields": {
    "blog": 56,
    "author": 12,
    "text": "Learn our last feel whose.",
    "is_published": false
  }
},
{
  "model": "blog.comment",
  "pk": 167,
  "fields": {
    "blog": 57,
    "author": 12,
    "text": "Senior trip stand race.",
    "is_published": true
  }
},
{
  "model": "blog.comment",
  "pk": 168,
  "fields": {
    "blog": 57,
    "author": 12,
    "text": "Surface cold number during close.",
    "is_published": false
  }
},
{
  "model": "blog.comment",
  "pk": 169,
  "fields": {
    "blog": 57,
    "author": 12,
    "text": "Which experience home whom mean rest local rich.",
    "is_published": true
  }
},
{
  "model": "blog.comment",
  "pk": 170,
  "fields": {
    "blog": 58,
    "author": 13,
    "text": "Today hour same just where billion.",
    "is_published": false
  }
},
{
  "model": "blog.comment",
  "pk": 171,
  "fields": {
    "blog": 58,
    "author": 13,
    "text": "Add condition hotel program.",
    "is_published": false
  }
},
{
  "model": "blog.comment",
  "pk": 172,
  "fields": {
    "blog": 58,
    "author": 13,
    "text": "Record movie computer street contain federal.",
    "is_published": false
  }
},
{
  "model": "blog.comment",
  "pk": 173,
  "fields": {
    "blog": 59,
    "author": 13,
    "text": "Involve another body new job news general chair.",
    "is_published": true
  }
},
{
  "model": "blog.comment",
  "pk": 174,
  "fields": {
    "blog": 59,
    "author": 13,
    "text": "Real improve baby use since close.",
    "is_published": false
  }
},
{
  "model": "blog.comment",
  "pk": 175,
  "fields": {
    "blog": 59,
    "author": 13,
    "text": "Pay hold my can around.",
    "is_published": false
  }
},
{
  "model": "blog.comment",
  "pk": 176,
  "fields": {
    "blog": 60,
    "author": 13,
    "text": "View happy shoulder let.",
    "is_published": false
  }
},
{
  "model": "blog.comment",
  "pk": 177,
  "fields": {
    "blog": 60,
    "author": 13,
    "text": "Imagine career save.",
    "is_published": false
  }
},
{
  "model": "blog.comment",
  "pk": 178,
  "fields": {
    "blog": 60,
    "author": 13,
    "text": "Fill account physical start whatever threat research.",
    "is_published": false
  }
},
{
  "model": "blog.comment",
  "pk": 179,
  "fields": {
    "blog": 61,
    "author": 13,
    "text": "Idea all staff pick yes by.",
    "is_published": true
  }
},
{
  "model": "blog.comment",
  "pk": 180,
  "fields": {
    "blog": 61,
    "author": 13,
    "text": "School really season challenge.",
    "is_published": false
  }
},
{
  "model": "blog.comment",
  "pk": 181,
  "fields": {
    "blog": 61,
    "author": 13,
    "text": "Glass answer approach feel.",
    "is_published": true
  }
},
{
  "model": "blog.comment",
  "pk": 182,
  "fields": {
    "blog": 62,
    "author": 13,
    "text": "Candidate enjoy speak return four yet maybe.",
    "is_published": true
  }
},
{
  "model": "blog.comment",
  "pk": 183,
  "fields": {
    "blog": 62,
    "author": 13,
    "text": "Turn Democrat hotel nature base dream.",
    "is_published": true
  }
},
{
  "model": "blog.comment",
  "pk": 184,
  "fields": {
    "blog": 62,
    "author": 13,
    "text": "Because child or live.",
    "is_published": true
  }
},
{
  "model": "blog.comment",
  "pk": 185,
  "fields": {
    "blog": 63,
    "author": 14,
    "text": "Physical light last clearly force bank.",
    "is_published": true
  }
},
{
  "model": "blog.comment",
  "pk": 186,
  "fields": {
    "blog": 63,
    "author": 14,
    "text": "Final college still investment.",
    "is_published": true
  }
},
{
  "model": "blog.comment",
  "pk": 187,
  "fields": {
    "blog": 63,
    "author": 14,
    "text": "Career hand sport per.",
    "is_published": false
  }
},
{
  "model": "blog.comment",
  "pk": 188,
  "fields": {
    "blog": 64,
    "author": 14,
    "text": "Leader guess mouth same as direction.",
    "is_published": true
  }
},
{
  "model": "blog.comment",
  "pk": 189,
  "fields": {
    "blog": 64,
    "author": 14,
    "text": "Red blue along authority relationship.",
    "is_published": false
  }
},
{
  "model": "blog.comment",
  "pk": 190,
  "fields": {
    "blog": 64,
    "author": 14,
    "text": "Toward firm authority.",
    "is_published": false
  }
},
{
  "model": "blog.comment",
  "pk": 191,
  "fields": {
    "blog": 65,
    "author": 14,
    "text": "Charge hundred reflect fact stay.",
    "is_published": true
  }
},
{
  "model": "blog.comment",
  "pk": 192,
  "fields": {
    "blog": 65,
    "author": 14,
    "text": "Those around phone notice same style.",
    "is_published": false
  }
},
{
  "model": "blog.comment",
  "pk": 193,
  "fields": {
    "blog": 65,
    "author": 14,
    "text": "Break foot develop.",
    "is_published": true
  }
},
{
  "model": "blog.comment",
  "pk": 194,
  "fields": {
    "blog": 66,
    "author": 14,
    "text": "Then Democrat to option middle.",
    "is_published": false
  }
},
{
  "model": "blog.comment",
  "pk": 195,
  "fields": {
    "blog": 66,
    "author": 14,
    "text": "Miss wife agency worker water however.",
    "is_published": false
  }
},
{
  "model": "blog.comment",
  "pk": 196,
  "fields": {
    "blog": 66,
    "author": 14,
    "text": "Another wish movement third drive way recognize speech.",
    "is_published": false
  }
},
{
  "model": "blog.comment",
  "pk": 197,
  "fields": {
    "blog": 67,
    "author": 14,
    "text": "With voice set expert story sign energy.",
    "is_published": true
  }
},
{
  "model": "blog.comment",
  "pk": 198,
  "fields": {
    "blog": 67,
    "author": 14,
    "text": "Explain early reason story.",
    "is_published": true
  }
},
{
  "model": "blog.comment",
  "pk": 199,
  "fields": {
    "blog": 67,
    "author": 14,
    "text": "Majority approach social family politics when case result.",
    "is_published": true
  }
},
{
  "model": "blog.comment",
  "pk": 200,
  "fields": {
    "blog": 68,
    "author": 15,
    "text": "Compare both of magazine huge civil.",
    "is_published": false
  }
},
{
  "model": "blog.comment",
  "pk": 201,
  "fields": {
    "blog": 68,
    "author": 15,
    "text": "Catch drop Democrat red.",
    "is_published": false
  }
},
{
  "model": "blog.comment",
  "pk": 202,
  "fields": {
    "blog": 68,
    "author": 15,
    "text": "Machine page heart your everybody.",
    "is_published": false
  }
},
{
  "model": "blog.comment",
  "pk": 203,
  "fields": {
    "blog": 69,
    "author": 15,
    "text": "Issue southern recent song project quickly.",
    "is_published": true
  }
},
{
  "model": "blog.comment",
  "pk": 204,
  "fields": {
    "blog": 69,
    "author": 15,
    "text": "Great entire group contain through election same wind.",
    "is_published": false
  }
},
{
  "model": "blog.comment",
  "pk": 205,
  "fields": {
    "blog": 69,
    "author": 15,
    "text": "Tend bill we gas chance begin about now.",
    "is_published": false
  }
},
{
  "model": "blog.comment",
  "pk": 206,
  "fields": {
    "blog": 70,
    "author": 15,
    "text": "Indicate half recently low produce.",
    "is_published": false
  }
},
{
  "model": "blog.comment",
  "pk": 207,
  "fields": {
    "blog": 70,
    "author": 15,
    "text": "Left rather age campaign fund show while.",
    "is_published": true
  }
},
{
  "model": "blog.comment",
  "pk": 208,
  "fields": {
    "blog": 70,
    "author": 15,
    "text": "Because realize answer capital theory.",
    "is_published": true
  }
},
{
  "model": "blog.comment",
  "pk": 209,
  "fields": {
    "blog": 71,
    "author": 15,
    "text": "Care east world.",
    "is_published": true
  }
},
{
  "model": "blog.comment",
  "pk": 210,
  "fields": {
    "blog": 71,
    "author": 15,
    "text": "Subject picture low.",
    "is_published": true
  }
},
{
  "model": "blog.comment",
  "pk": 211,
  "fields": {
    "blog": 71,
    "author": 15,
    "text": "Show game development bring.",
    "is_published": false
  }
},
{
  "model": "blog.comment",
  "pk": 212,
  "fields": {
    "blog": 72,
    "author": 15,
    "text": "Dream care on whose who tend start.",
    "is_published": false
  }
},
{
  "model": "blog.comment",
  "pk": 213,
  "fields": {
    "blog": 72,
    "author": 15,
    "text": "Speak office including ask movement while.",
    "is_published": false
  }
},
{
  "model": "blog.comment",
  "pk": 214,
  "fields": {
    "blog": 72,
    "author": 15,
    "text": "End turn stay level information fish smile.",
    "is_published": false
  }
},
{
  "model": "blog.comment",
  "pk": 215,
  "fields": {
    "blog": 73,
    "author": 16,
    "text": "Daughter skin less.",
    "is_published": false
  }
},
{
  "model": "blog.comment",
  "pk": 216,
  "fields": {
    "blog": 73,
    "author": 16,
    "text": "Someone seat outside court best enough.",
    "is_published": false
  }
},
{
  "model": "blog.comment",
  "pk": 217,
  "fields": {
    "blog": 73,
    "author": 16,
    "text": "Security blue western pick require protect television.",
    "is_published": false
  }
},
{
  "model": "blog.comment",
  "pk": 218,
  "fields": {
    "blog": 74,
    "author": 16,
    "text": "Use study eat last baby.",
    "is_published": false
  }
},
{
  "model": "blog.comment",
  "pk": 219,
  "fields": {
    "blog": 74,
    "author": 16,
    "text": "Size receive little common.",
    "is_published": true
  }
},
{
  "model": "blog.comment",
  "pk": 220,
  "fields": {
    "blog": 74,
    "author": 16,
    "text": "Amount any fill.",
    "is_published": false
  }
},
{
  "model": "blog.comment",
  "pk": 221,
  "fields": {
    "blog": 75,
    "author": 16,
    "text": "Actually happy history manage ground else.",
    "is_published": false
  }
},
{
  "model": "blog.comment",
  "pk": 222,
  "fields": {
    "blog": 75,
    "author": 16,
    "text": "Seven factor source single time over.",
    "is_published": false
  }
},
{
  "model": "blog.comment",
  "pk": 223,
  "fields": {
    "blog": 75,
    "author": 16,
    "text": "Statement I box lay.",
    "is_published": false
  }
},
{
  "model": "blog.comment",
  "pk": 224,
  "fields": {
    "blog": 76,
    "author": 16,
    "text": "Article now along much hair.",
    "is_published": true
  }
},
{
  "model": "blog.comment",
  "pk": 225,
  "fields": {
    "blog": 76,
    "author": 16,
    "text": "Usually unit serious article.",
    "is_published": false
  }
},
{
  "model": "blog.comment",
  "pk": 226,
  "fields": {
    "blog": 76,
    "author": 16,
    "text": "Act edge either want.",
    "is_published": true
  }
},
{
  "model": "blog.comment",
  "pk": 227,
  "fields": {
    "blog": 77,
    "author": 16,
    "text": "Work wide trade go throughout.",
    "is_published": true
  }
},
{
  "model": "blog.comment",
  "pk": 228,
  "fields": {
    "blog": 77,
    "author": 16,
    "text": "Environment system my book cost traditional.",
    "is_published": true
  }
},
{
  "model": "blog.comment",
  "pk": 229,
  "fields": {
    "blog": 77,
    "author": 16,
    "text": "Low which start because child big them.",
    "is_published": false
  }
},
{
  "model": "blog.comment",
  "pk": 230,
  "fields": {
    "blog": 78,
    "author": 17,
    "text": "Spring whole similar ago against green anyone.",
    "is_published": true
  }
},
{
  "model": "blog.comment",
  "pk": 231,
  "fields": {
    "blog": 78,
    "author": 17,
    "text": "Song economic choice.",
    "is_published": false
  }
},
{
  "model": "blog.comment",
  "pk": 232,
  "fields": {
    "blog": 78,
    "author": 17,
    "text": "Including again camera her trial determine theory.",
    "is_published": false
  }
},
{
  "model": "blog.comment",
  "pk": 233,
  "fields": {
    "blog": 79,
    "author": 17,
    "text": "Today hour partner bag people.",
    "is_published": true
  }
},
{
  "model": "blog.comment",
  "pk": 234,
  "fields": {
    "blog": 79,
    "author": 17,
    "text": "Pattern bed floor dark course visit.",
    "is_published": false
  }
},
{
  "model": "blog.comment",
  "pk": 235,
  "fields": {
    "blog": 79,
    "author": 17,
    "text": "I become method.",
    "is_published": true
  }
},
{
  "model": "blog.comment",
  "pk": 236,
  "fields": {
    "blog": 80,
    "author": 17,
    "text": "List bit never then approach wish.",
    "is_published": true
  }
},
{
  "model": "blog.comment",
  "pk": 237,
  "fields": {
    "blog": 80,
    "author": 17,
    "text": "You partner lead.",
    "is_published": false
  }
},
{
  "model": "blog.comment",
  "pk": 238,
  "fields": {
    "blog": 80,
    "author": 17,
    "text": "Quite important financial single.",
    "is_published": true
  }
},
{
  "model": "blog.comment",
  "pk": 239,
  "fields": {
    "blog": 81,
    "author": 17,
    "text": "Executive gas organization itself week husband source game.",
    "is_published": true
  }
},
{
  "model": "blog.comment",
  "pk": 240,
  "fields": {
    "blog": 81,
    "author": 17,
    "text": "Want energy raise pull capital.",
    "is_published": true
  }
},
{
  "model": "blog.comment",
  "pk": 241,
  "fields": {
    "blog": 81,
    "author": 17,
    "text": "Political especially win issue else.",
    "is_published": true
  }
},
{
  "model": "blog.comment",
  "pk": 242,
  "fields": {
    "blog": 82,
    "author": 17,
    "text": "Clear argue Congress type.",
    "is_published": true
  }
},
{
  "model": "blog.comment",
  "pk": 243,
  "fields": {
    "blog": 82,
    "author": 17,
    "text": "Sure actually more way price tree ahead win.",
    "is_published": false
  }
},
{
  "model": "blog.comment",
  "pk": 244,
  "fields": {
    "blog": 82,
    "author": 17,
    "text": "Degree near interesting husband year budget dinner.",
    "is_published": true
  }
},
{
  "model": "blog.comment",
  "pk": 245,
  "fields": {
    "blog": 83,
    "author": 18,
    "text": "Civil question head seem.",
    "is_published": false
  }
},
{
  "model": "blog.comment",
  "pk": 246,
  "fields": {
    "blog": 83,
    "author": 18,
    "text": "Must science old pay little bank course.",
    "is_published": true
  }
},
{
  "model": "blog.comment",
  "pk": 247,
  "fields": {
    "blog": 83,
    "author": 18,
    "text": "Goal true indeed community pull no.",
    "is_published": true
  }
},
{
  "model": "blog.comment",
  "pk": 248,
  "fields": {
    "blog": 84,
    "author": 18,
    "text": "Visit age hospital scientist reality character send situation.",
    "is_published": true
  }
},
{
  "model": "blog.comment",
  "pk": 249,
  "fields": {
    "blog": 84,
    "author": 18,
    "text": "Performance sign something attack indicate.",
    "is_published": true
  }
},
{
  "model": "blog.comment",
  "pk": 250,
  "fields": {
    "blog": 84,
    "author": 18,
    "text": "Campaign least before make.",
    "is_published": false
  }
},
{
  "model": "blog.comment",
  "pk": 251,
  "fields": {
    "blog": 85,
    "author": 18,
    "text": "Recent or send operation life resource.",
    "is_published": false
  }
},
{
  "model": "blog.comment",
  "pk": 252,
  "fields": {
    "blog": 85,
    "author": 18,
    "text": "Two either cold yourself yard.",
    "is_published": false
  }
},
{
  "model": "blog.comment",
  "pk": 253,
  "fields": {
    "blog": 85,
    "author": 18,
    "text": "Suggest loss good.",
    "is_published": true
  }
},
{
  "model": "blog.comment",
  "pk": 254,
  "fields": {
    "blog": 86,
    "author": 18,
    "text": "Team box important southern fast.",
    "is_published": false
  }
},
{
  "model": "blog.comment",
  "pk": 255,
  "fields": {
    "blog": 86,
    "author": 18,
    "text": "Service listen fire.",
    "is_published": false
  }
},
{
  "model": "blog.comment",
  "pk": 256,
  "fields": {
    "blog": 86,
    "author": 18,
    "text": "Statement else game win together particularly method.",
    "is_published": false
  }
},
{
  "model": "blog.comment",
  "pk": 257,
  "fields": {
    "blog": 87,
    "author": 18,
    "text": "Approach debate notice major job style pay.",
    "is_published": true
  }
},
{
  "model": "blog.comment",
  "pk": 258,
  "fields": {
    "blog": 87,
    "author": 18,
    "text": "Million response step short.",
    "is_published": false
  }
},
{
  "model": "blog.comment",
  "pk": 259,
  "fields": {
    "blog": 87,
    "author": 18,
    "text": "Close brother thank pay.",
    "is_published": true
  }
},
{
  "model": "blog.comment",
  "pk": 260,
  "fields": {
    "blog": 88,
    "author": 19,
    "text": "Network room describe gun agree tend care without.",
    "is_published": false
  }
},
{
  "model": "blog.comment",
  "pk": 261,
  "fields": {
    "blog": 88,
    "author": 19,
    "text": "Record one set language.",
    "is_published": false
  }
},
{
  "model": "blog.comment",
  "pk": 262,
  "fields": {
    "blog": 88,
    "author": 19,
    "text": "View toward owner happy.",
    "is_published": false
  }
},
{
  "model": "blog.comment",
  "pk": 263,
  "fields": {
    "blog": 89,
    "author": 19,
    "text": "Someone gas attorney bank record smile floor.",
    "is_published": false
  }
},
{
  "model": "blog.comment",
  "pk": 264,
  "fields": {
    "blog": 89,
    "author": 19,
    "text": "Job defense focus couple recently herself national.",
    "is_published": false
  }
},
{
  "model": "blog.comment",
  "pk": 265,
  "fields": {
    "blog": 89,
    "author": 19,
    "text": "Already Republican newspaper official.",
    "is_published": true
  }
},
{
  "model": "blog.comment",
  "pk": 266,
  "fields": {
    "blog": 90,
    "author": 19,
    "text": "Down class explain kitchen behavior east risk.",
    "is_published": true
  }
},
{
  "model": "blog.comment",
  "pk": 267,
  "fields": {
    "blog": 90,
    "author": 19,
    "text": "Local population no join weight official walk.",
    "is_published": true
  }
},
{
  "model": "blog.comment",
  "pk": 268,
  "fields": {
    "blog": 90,
    "author": 19,
    "text": "Free hear let particular memory someone usually.",
    "is_published": true
  }
},
{
  "model": "blog.comment",
  "pk": 269,
  "fields": {
    "blog": 91,
    "author": 19,
    "text": "Into thus authority station share.",
    "is_published": false
  }
},
{
  "model": "blog.comment",
  "pk": 270,
  "fields": {
    "blog": 91,
    "author": 19,
    "text": "Long can power.",
    "is_published": true
  }
},
{
  "model": "blog.comment",
  "pk": 271,
  "fields": {
    "blog": 91,
    "author": 19,
    "text": "Play him police word nearly production.",
    "is_published": false
  }
},
{
  "model": "blog.comment",
  "pk": 272,
  "fields": {
    "blog": 92,
    "author": 19,
    "text": "Hit old year film matter behind project.",
    "is_published": true
  }
},
{
  "model": "blog.comment",
  "pk": 273,
  "fields": {
    "blog": 92,
    "author": 19,
    "text": "Money daughter husband religious professional he.",
    "is_published": false
  }
},
{
  "model": "blog.comment",
  "pk": 274,
  "fields": {
    "blog": 92,
    "author": 19,
    "text": "Charge wrong knowledge.",
    "is_published": false
  }
},
{
  "model": "blog.comment",
  "pk": 275,
  "fields": {
    "blog": 93,
    "author": 20,
    "text": "Race none knowledge radio decide.",
    "is_published": true
  }
},
{
  "model": "blog.comment",
  "pk": 276,
  "fields": {
    "blog": 93,
    "author": 20,
    "text": "Risk six forward avoid.",
    "is_published": false
  }
},
{
  "model": "blog.comment",
  "pk": 277,
  "fields": {
    "blog": 93,
    "author": 20,
    "text": "Blue cut single thought participant direction anything.",
    "is_published": true
  }
},
{
  "model": "blog.comment",
  "pk": 278,
  "fields": {
    "blog": 94,
    "author": 20,
    "text": "Others player at.",
    "is_published": false
  }
},
{
  "model": "blog.comment",
  "pk": 279,
  "fields": {
    "blog": 94,
    "author": 20,
    "text": "Individual what spend Mrs.",
    "is_published": false
  }
},
{
  "model": "blog.comment",
  "pk": 280,
  "fields": {
    "blog": 94,
    "author": 20,
    "text": "When fall guess report last cost total.",
    "is_published": true
  }
},
{
  "model": "blog.comment",
  "pk": 281,
  "fields": {
    "blog": 95,
    "author": 20,
    "text": "Director offer best build plant cut attention.",
    "is_published": true
  }
},
{
  "model": "blog.comment",
  "pk": 282,
  "fields": {
    "blog": 95,
    "author": 20,
    "text": "Politics rather grow my tough.",
    "is_published": false
  }
},
{
  "model": "blog.comment",
  "pk": 283,
  "fields": {
    "blog": 95,
    "author": 20,
    "text": "Hundred between article major finish.",
    "is_published": false
  }
},
{
  "model": "blog.comment",
  "pk": 284,
  "fields": {
    "blog": 96,
    "author": 20,
    "text": "Decade modern despite charge soon range author after.",
    "is_published": true
  }
},
{
  "model": "blog.comment",
  "pk": 285,
  "fields": {
    "blog": 96,
    "author": 20,
    "text": "Suggest run light region tend religious.",
    "is_published": false
  }
},
{
  "model": "blog.comment",
  "pk": 286,
  "fields": {
    "blog": 96,
    "author": 20,
    "text": "Card now rather capital.",
    "is_published": true
  }
},
{
  "model": "blog.comment",
  "pk": 287,
  "fields": {
    "blog": 97,
    "author": 20,
    "text": "Happen price into church.",
    "is_published": true
  }
},
{
  "model": "blog.comment",
  "pk": 288,
  "fields": {
    "blog": 97,
    "author": 20,
    "text": "Important customer eye product.",
    "is_published": false
  }
},
{
  "model": "blog.comment",
  "pk": 289,
  "fields": {
    "blog": 97,
    "author": 20,
    "text": "Against movie fast defense rate government.",
    "is_published": true
  }
},
{
  "model": "blog.comment",
  "pk": 290,
  "fields": {
    "blog": 98,
    "author": 21,
    "text": "Budget cover citizen moment tax indeed seek.",
    "is_published": true
  }
},
{
  "model": "blog.comment",
  "pk": 291,
  "fields": {
    "blog": 98,
    "author": 21,
    "text": "Toward decide pattern people require area.",
    "is_published": true
  }
},
{
  "model": "blog.comment",
  "pk": 292,
  "fields": {
    "blog": 98,
    "author": 21,
    "text": "My day brother media book.",
    "is_published": false
  }
},
{
  "model": "blog.comment",
  "pk": 293,
  "fields": {
    "blog": 99,
    "author": 21,
    "text": "Produce pass worker nothing.",
    "is_published": false
  }
},
{
  "model": "blog.comment",
  "pk": 294,
  "fields": {
    "blog": 99,
    "author": 21,
    "text": "General artist nothing human.",
    "is_published": false
  }
},
{
  "model": "blog.comment",
  "pk": 295,
  "fields": {
    "blog": 99,
    "author": 21,
    "text": "Brother again size require participant eight old.",
    "is_published": true
  }
},
{
  "model": "blog.comment",
  "pk": 296,
  "fields": {
    "blog": 100,
    "author": 21,
    "text": "Involve quite begin.",
    "is_published": false
  }
},
{
  "model": "blog.comment",
  "pk": 297,
  "fields": {
    "blog": 100,
    "author": 21,
    "text": "Training example attention great bit.",
    "is_published": true
  }
},
{
  "model": "blog.comment",
  "pk": 298,
  "fields": {
    "blog": 100,
    "author": 21,
    "text": "Floor tree soon true play operation interesting.",
    "is_published": false
  }
},
{
  "model": "blog.comment",
  "pk": 302,
  "fields": {
    "blog": 102,
    "author": 21,
    "text": "Agency professional include contain American.",
    "is_published": false
  }
},
{
  "model": "blog.comment",
  "pk": 303,
  "fields": {
    "blog": 102,
    "author": 21,
    "text": "Always risk right significant.",
    "is_published": false
  }
},
{
  "model": "blog.comment",
  "pk": 304,
  "fields": {
    "blog": 102,
    "author": 21,
    "text": "Clearly fight discover need tell toward high.",
    "is_published": false
  }
},
{
  "model": "blog.comment",
  "pk": 305,
  "fields": {
    "blog": 103,
    "author": 1,
    "text": "Comment #1",
    "is_published": true
  }
}
]
